epoch,train_loss,train_acc,valid_loss,valid_acc
0,1.1127048715787675,0.5617826714801444,0.8948684153349503,0.6388173913043478
1,1.0420086254712047,0.587020036101083,0.9128104992534803,0.6845940217391304
2,0.9716389162015399,0.6082537906137184,0.8961295148600703,0.5174320652173913
