epoch,train_loss,train_acc,valid_loss,valid_acc
0,3.3811395390031505e-05,0.5584447977775271,3.018865861478211e-05,0.5991264011548914
